id,t1_item1,t1_item2,t1_item3,t1_item4,t1_item5,t1_item6,t1_item7,t1_item8,t1_item9,t1_item10,t2_item1,t2_item2,t2_item3,t2_item4,t2_item5,t2_item6,t2_item7,t2_item8,t2_item9,t2_item10
1,3,4,4,2,6,4,5,4,3,4,4,4,4,4,3,6,1,4,5,4
2,5,5,4,6,2,4,5,5,5,5,4,3,5,3,5,4,5,5,3,6
3,4,5,4,4,6,5,3,4,2,3,4,4,5,5,4,5,3,4,4,3
4,3,4,2,2,4,5,5,2,6,3,2,3,3,5,6,3,5,3,3,4
5,6,4,5,5,4,6,2,5,5,5,5,6,4,4,5,5,4,6,4,5
6,4,5,5,4,4,4,4,5,4,3,5,4,3,4,4,4,5,6,5,3
7,6,4,7,5,6,5,3,4,5,7,3,4,4,3,2,3,5,3,4,3
8,3,5,5,3,2,4,4,5,6,2,2,4,4,4,5,3,5,3,5,4
9,5,1,2,4,5,4,5,2,3,5,4,4,3,3,3,4,5,3,4,4
10,5,5,4,6,2,5,4,5,3,5,3,5,3,3,6,5,6,4,4,5
11,5,5,6,5,2,5,3,3,2,5,4,6,4,5,3,5,3,3,4,5
12,6,4,5,5,2,5,1,4,4,5,7,5,5,4,4,7,3,5,4,7
13,4,3,3,3,6,3,5,4,3,5,5,3,4,5,3,1,4,5,4,5
14,6,6,3,5,4,5,1,6,4,5,5,4,6,5,2,5,4,5,6,4
15,4,4,3,4,4,3,4,5,3,3,3,4,3,4,3,3,5,3,5,4
16,3,3,3,2,3,3,4,3,5,4,3,2,2,5,4,3,4,2,3,5
17,4,2,3,3,1,3,7,3,1,4,4,3,5,5,4,3,4,3,3,3
18,1,4,3,3,2,2,6,3,4,3,2,1,3,2,5,3,6,2,3,4
19,5,7,5,6,5,5,3,6,5,5,5,6,7,6,5,7,2,5,6,5
20,4,4,4,6,3,4,3,4,6,6,6,5,4,5,3,4,5,4,3,6
21,4,4,3,4,3,4,4,5,3,4,3,4,4,3,5,4,4,3,4,3
22,1,1,1,1,5,2,5,1,3,2,3,5,4,4,4,5,5,3,2,3
23,5,3,5,5,2,3,5,5,3,5,3,5,5,3,5,4,5,4,5,3
24,5,4,4,4,3,4,4,3,4,4,6,4,4,4,4,4,1,5,3,4
25,5,3,5,3,7,5,5,4,5,5,6,4,5,4,6,4,4,4,4,7
26,5,4,4,4,4,5,2,3,2,3,3,5,2,2,5,5,4,5,3,3
27,7,5,4,5,5,5,2,6,5,5,4,4,5,5,2,3,3,2,5,6
28,5,5,5,3,5,5,4,4,3,4,5,4,4,4,4,5,3,6,4,4
29,4,3,3,4,5,5,6,4,3,4,5,4,5,5,4,5,3,5,3,3
30,2,6,4,6,4,3,3,5,5,2,4,5,4,4,3,4,3,5,6,3
31,5,4,4,4,4,6,2,5,7,5,6,2,6,4,2,4,5,5,7,6
32,5,5,3,5,4,5,3,6,4,4,4,3,4,4,6,4,4,3,4,4
33,4,5,3,4,3,6,3,4,4,3,3,3,3,4,4,4,4,4,5,5
34,4,1,3,3,2,3,5,3,3,2,3,2,1,2,2,3,5,2,4,4
35,2,4,5,4,5,4,4,4,2,3,3,2,5,3,5,4,5,2,4,4
36,3,2,4,3,2,3,5,2,3,3,2,3,3,2,4,3,3,2,3,4
37,5,2,3,3,4,4,4,4,3,3,4,6,4,6,3,5,2,5,6,4
38,5,5,5,6,4,5,5,4,5,6,5,6,7,7,2,5,4,6,5,5
39,6,5,4,4,4,4,4,4,3,5,5,4,5,5,5,5,2,5,3,5
40,4,3,5,5,3,4,5,3,3,5,3,5,3,4,4,3,6,5,6,2
41,4,6,5,4,3,7,1,5,4,4,4,5,5,4,2,4,3,6,7,4
42,4,3,5,3,5,4,3,5,1,3,5,5,4,4,4,4,6,4,6,3
43,4,3,3,4,4,5,5,4,4,4,4,5,4,4,5,6,3,5,3,2
44,2,3,5,4,4,3,6,1,6,4,3,3,3,2,5,5,5,4,5,3
45,3,3,3,2,5,3,5,3,5,2,4,2,2,4,5,3,6,4,1,4
46,4,3,4,4,3,3,4,3,6,4,3,3,4,3,5,3,6,3,5,3
47,5,5,6,3,6,6,2,6,3,1,4,4,4,4,4,4,3,4,4,4
48,4,5,6,5,5,5,5,5,2,5,5,5,6,4,4,7,2,5,5,5
49,5,5,5,6,6,6,3,5,3,7,6,6,6,6,5,5,2,6,5,6
50,5,6,5,4,4,5,4,5,5,4,5,6,3,5,5,6,3,6,5,5
51,4,3,3,4,5,5,5,2,3,4,4,3,5,4,4,3,4,3,5,3
52,4,3,5,3,2,3,6,3,3,5,5,4,2,4,4,4,5,3,5,5
53,4,4,4,5,4,4,4,3,4,3,3,5,4,5,3,3,4,4,5,3
54,5,5,5,5,3,5,3,3,4,4,3,4,5,4,4,5,5,4,5,4
55,5,3,4,4,3,5,3,5,2,5,4,4,3,4,3,4,4,6,4,3
56,3,6,6,5,6,7,1,5,3,3,4,4,6,5,5,3,5,4,4,6
57,5,7,6,6,5,6,2,6,4,5,3,4,5,3,4,5,3,3,5,4
58,3,4,4,3,5,4,5,5,6,4,4,4,4,4,4,6,5,5,5,3
59,4,5,4,5,5,4,4,3,4,5,4,5,4,4,5,5,4,4,4,5
60,5,5,5,4,5,6,3,6,6,4,5,6,7,7,4,6,2,5,4,5
61,4,4,2,1,6,4,5,4,5,3,2,3,4,5,2,2,6,3,6,5
62,3,5,4,2,5,5,5,3,4,4,6,5,6,5,4,5,2,6,4,6
63,5,4,5,5,4,5,4,4,5,6,5,5,5,5,6,5,4,4,4,6
64,4,5,5,4,4,5,3,5,6,4,5,3,4,5,6,4,5,5,4,5
65,3,3,3,1,5,4,5,3,2,2,2,2,4,3,3,2,5,3,4,3
66,4,6,4,6,3,4,4,5,4,5,5,4,4,4,5,4,4,5,5,6
67,2,4,2,5,3,3,6,4,3,4,2,3,3,2,5,2,4,4,5,3
68,3,3,3,3,7,2,5,4,3,2,2,3,4,3,5,3,4,3,6,3
69,6,7,7,6,5,7,3,6,3,6,4,7,6,7,6,7,2,6,5,5
70,6,7,5,6,4,6,2,7,4,7,7,6,7,6,3,5,2,7,6,6
71,4,4,1,3,6,3,6,2,1,4,3,4,4,2,4,4,5,3,3,3
72,5,4,4,3,6,4,3,4,5,6,4,5,5,4,4,5,3,5,5,5
73,3,4,4,5,3,3,5,5,2,3,4,3,3,4,3,4,3,4,4,5
74,5,3,3,4,6,3,3,3,4,4,3,5,4,5,3,3,3,4,5,3
75,4,4,4,3,4,5,4,4,4,4,3,4,4,4,5,4,4,4,5,4
76,7,6,5,6,2,6,2,6,6,7,6,5,4,7,4,5,3,7,7,6
77,6,5,3,4,6,7,2,6,2,4,5,5,5,4,3,4,3,3,4,4
78,4,4,4,5,5,5,3,4,3,5,3,4,3,3,6,5,5,4,6,4
79,5,4,5,5,5,4,3,4,3,5,4,4,3,5,4,3,5,5,6,5
80,4,3,3,1,4,4,5,4,3,3,3,4,4,4,1,5,4,3,4,3
81,3,4,3,3,2,3,4,4,3,3,2,4,3,4,5,4,3,4,2,1
82,4,3,3,5,5,3,3,2,2,3,6,5,6,5,4,5,2,5,3,5
83,4,5,6,7,1,4,1,6,5,5,5,4,5,4,4,5,4,4,5,5
84,2,3,2,3,3,2,7,3,2,2,3,1,3,2,4,3,6,2,2,2
85,6,5,5,3,2,6,3,5,5,6,6,4,5,5,3,6,2,5,6,5
86,4,3,3,2,4,2,6,3,4,2,2,4,1,3,3,2,7,3,4,4
87,2,4,5,2,4,4,6,4,3,2,2,3,2,3,3,3,6,3,6,3
88,7,6,6,6,4,7,2,6,5,7,7,7,6,7,4,7,3,7,1,7
89,5,6,4,5,5,5,3,5,5,4,7,4,4,4,4,7,3,6,4,6
90,3,5,5,6,3,5,2,5,4,3,5,3,4,4,3,3,4,4,7,5
91,5,5,6,5,4,5,3,6,4,4,6,6,5,4,5,5,3,5,4,6
92,5,6,5,6,5,5,2,5,4,6,3,5,6,6,2,4,2,4,4,3
93,3,1,2,2,4,1,6,3,3,2,1,1,2,2,3,1,6,1,5,3
94,2,4,4,4,6,4,4,5,3,3,4,5,6,5,4,4,3,4,2,3
95,4,5,5,5,3,4,3,5,6,4,3,5,5,5,5,4,4,4,5,5
96,3,3,4,2,2,4,6,4,4,3,3,4,3,4,5,4,3,4,3,3
97,4,5,5,5,4,4,3,5,7,3,6,3,6,5,3,5,4,5,3,4
98,4,4,6,7,1,3,4,6,6,7,5,5,7,4,4,4,4,6,7,4
99,4,3,2,2,5,2,5,3,4,4,2,3,3,3,3,2,7,2,6,4
100,3,5,3,4,4,3,5,3,6,3,1,5,4,4,5,4,6,1,7,3
101,3,3,2,3,5,3,4,2,3,4,5,1,2,3,4,2,6,2,2,5
102,2,2,3,3,3,1,5,2,6,3,4,6,5,7,5,5,3,6,6,5
103,4,2,3,5,3,2,6,3,1,4,4,3,3,4,3,3,3,5,3,3
104,5,4,6,6,4,4,1,4,5,7,6,5,6,6,3,5,2,5,5,4
105,2,5,5,4,4,3,4,5,3,3,2,4,2,4,7,3,6,3,5,2
106,5,4,5,4,4,4,4,4,5,5,4,5,4,6,5,5,2,5,5,4
107,4,2,3,4,6,2,6,2,3,4,5,6,5,6,2,4,3,5,4,5
108,4,5,5,6,3,5,4,6,3,4,6,5,5,5,4,5,3,5,4,5
109,5,6,5,7,5,4,1,7,4,5,6,4,5,6,3,5,5,6,5,6
110,4,4,4,4,3,4,4,4,3,5,5,4,5,3,3,5,3,5,3,4
111,4,4,4,3,5,4,4,4,4,3,3,4,3,4,5,3,5,3,4,6
112,3,4,5,3,4,2,6,3,3,2,3,5,5,4,5,4,5,3,5,5
113,4,4,3,3,5,4,4,3,3,3,4,3,3,4,2,6,4,4,2,5
114,3,5,4,6,6,2,4,6,2,5,6,4,5,4,3,5,3,6,3,5
115,6,3,4,2,6,4,3,3,4,5,5,4,4,5,4,4,2,4,5,4
116,5,5,6,7,2,4,3,6,3,6,5,6,5,6,5,6,3,5,3,5
117,4,4,4,3,4,3,5,4,6,5,6,3,4,3,4,4,3,3,5,5
118,5,4,3,4,4,5,5,5,3,4,5,3,4,6,4,2,4,5,4,6
119,6,2,2,3,4,5,2,5,3,4,5,2,4,2,3,3,6,4,4,4
120,5,3,5,4,1,5,3,5,4,4,3,3,5,4,5,3,5,6,3,3
121,2,4,3,4,6,3,6,4,6,4,4,4,3,4,6,4,4,6,4,4
122,3,5,3,1,6,5,4,3,4,2,4,4,3,3,6,4,4,4,4,3
123,3,4,3,4,5,3,4,4,1,3,2,4,3,4,2,6,5,3,3,4
124,2,4,4,2,3,4,2,3,5,3,4,3,2,3,5,3,4,3,2,4
125,3,6,4,5,5,4,4,5,3,5,4,6,3,4,3,5,5,6,4,5
126,3,5,4,5,4,3,4,4,2,5,4,5,4,5,3,3,3,5,4,4
127,6,3,5,3,5,4,2,4,4,5,5,3,5,3,4,6,4,4,5,4
128,4,5,6,5,2,5,3,7,4,5,5,5,3,5,5,4,5,5,5,5
129,3,4,4,3,6,4,4,4,7,3,5,5,4,5,4,4,3,6,2,5
130,4,4,5,2,4,5,4,4,6,3,5,3,5,4,5,4,4,4,3,5
131,3,6,4,4,4,3,4,2,4,4,5,4,4,3,4,3,6,4,2,4
132,4,4,2,4,3,5,5,6,4,4,4,4,4,2,5,3,6,4,3,3
133,6,6,4,4,5,5,4,4,3,6,6,6,5,5,4,6,2,6,5,5
134,5,3,3,3,3,3,5,3,6,4,4,4,5,3,3,3,5,5,5,2
135,5,4,4,4,3,4,4,4,4,5,4,6,4,5,4,4,3,4,3,5
136,4,2,6,3,4,3,5,3,3,3,6,3,3,4,3,2,5,5,4,2
137,2,4,4,4,4,3,6,2,5,2,5,4,6,5,3,5,4,5,4,4
138,6,5,5,5,5,4,4,5,2,5,4,5,5,6,4,5,4,5,5,5
139,3,1,3,3,4,1,6,2,3,3,2,4,3,2,4,3,4,2,4,1
140,3,5,5,5,5,3,2,4,6,4,5,4,4,5,4,5,3,4,5,4
141,6,4,4,4,5,4,4,5,5,6,6,4,5,7,4,6,2,6,3,7
142,4,5,5,7,6,4,3,5,4,6,4,1,1,2,5,2,6,1,4,5
143,3,3,2,3,5,3,4,1,4,3,3,1,5,3,4,4,6,3,1,2
144,4,4,6,5,2,5,4,4,2,3,3,5,4,5,3,5,3,4,5,3
145,4,5,4,5,4,3,5,5,3,5,3,4,5,4,5,4,6,2,6,5
146,4,5,4,4,3,3,4,5,6,1,4,3,5,5,3,3,3,4,5,5
147,4,4,4,4,4,4,5,4,4,6,7,4,4,5,5,5,3,4,3,4
148,4,5,2,2,4,3,4,3,4,3,3,3,5,5,3,2,7,3,2,3
149,5,4,4,4,4,4,4,4,3,4,3,5,3,5,3,4,4,5,5,4
150,4,2,3,3,2,3,6,3,4,5,3,5,3,4,3,3,4,4,5,2
151,3,3,3,5,3,4,4,3,3,4,3,4,3,2,6,5,5,2,3,3
152,3,3,3,4,4,3,6,2,5,5,6,3,5,5,4,3,5,6,6,6
153,6,5,3,5,4,5,3,5,4,4,5,7,4,5,3,6,1,6,4,4
154,4,3,5,3,3,4,4,2,7,6,4,5,7,5,3,5,1,4,4,4
155,4,4,6,4,3,4,3,4,5,4,5,3,4,4,5,4,5,5,2,5
156,4,3,4,3,5,4,4,4,5,4,4,4,5,4,5,3,4,2,6,5
157,1,1,3,2,4,1,6,1,3,1,2,3,5,2,2,3,4,3,4,1
158,5,4,3,4,3,5,2,4,4,5,3,5,2,3,6,5,5,3,3,5
159,4,4,5,4,4,5,5,3,4,4,5,6,3,5,5,6,3,5,1,4
160,4,4,4,5,1,4,4,3,5,3,2,3,4,4,3,3,6,3,5,4
161,3,3,3,4,3,4,3,3,2,4,3,4,3,2,3,5,4,2,3,4
162,3,3,2,3,5,3,4,2,1,4,3,3,4,3,3,3,5,2,3,2
163,4,6,6,5,3,5,3,6,6,4,6,6,7,6,3,6,3,4,5,4
164,4,5,3,3,6,4,4,4,3,4,7,2,4,5,3,4,4,6,2,5
165,3,5,4,5,3,3,3,4,1,2,3,3,4,3,3,2,4,5,5,2
166,5,3,3,4,3,3,6,6,3,3,5,3,3,4,5,5,3,6,3,3
167,5,4,3,5,3,4,5,3,4,6,4,4,4,4,3,4,4,3,3,4
168,2,3,3,3,2,2,4,1,4,3,1,2,2,3,4,4,4,2,2,2
169,4,5,3,6,4,5,2,5,6,4,5,4,4,5,5,5,4,4,5,4
170,2,3,2,4,5,3,5,4,3,4,4,4,3,3,3,3,5,4,4,3
171,4,1,4,2,3,2,6,2,2,4,4,2,2,2,4,2,4,2,4,4
172,4,7,5,6,3,6,3,4,6,6,2,5,5,4,4,4,2,4,4,3
173,3,4,4,5,3,3,4,5,4,5,3,5,4,4,6,5,3,4,3,5
174,3,1,2,1,6,4,5,3,2,1,3,2,2,3,3,1,5,3,4,2
175,4,3,4,4,3,3,3,4,2,4,3,4,2,4,4,4,4,4,3,4
176,2,5,1,3,5,2,6,2,3,3,3,3,3,2,5,3,4,3,4,3
177,4,7,4,6,5,6,2,6,4,6,3,2,4,3,4,2,3,2,5,2
178,5,5,5,5,5,5,3,5,2,5,6,5,6,5,3,4,4,5,3,6
179,2,4,4,5,2,3,5,3,7,4,5,4,3,4,5,5,3,4,3,4
180,3,4,3,3,6,5,5,3,4,3,4,3,4,4,3,4,4,4,5,5
181,3,3,3,4,5,3,6,3,4,3,2,5,2,4,3,5,5,5,3,3
182,5,4,5,4,4,5,6,4,5,6,3,2,3,1,4,4,4,2,4,2
183,3,3,2,3,4,3,4,4,2,4,3,3,4,2,5,3,5,2,3,3
184,7,7,7,6,3,5,3,6,6,7,7,6,6,6,4,6,3,6,5,7
185,4,4,2,5,4,5,3,5,4,6,5,4,4,4,6,6,3,5,2,4
186,2,3,3,1,6,3,7,1,3,2,2,4,4,3,3,4,5,2,3,2
187,3,2,3,3,5,3,3,4,3,2,5,4,3,4,6,5,4,5,6,4
188,2,4,3,3,3,4,5,4,4,2,3,5,3,5,3,3,4,3,3,4
189,5,5,5,4,2,6,3,5,4,3,4,5,4,4,3,5,4,5,5,4
190,4,6,4,5,4,5,3,5,6,5,5,7,3,5,5,6,3,6,5,5
191,4,3,5,4,4,3,4,4,4,4,5,4,5,2,3,4,4,3,5,5
192,5,2,5,4,3,3,4,4,3,3,4,3,6,3,5,3,5,2,3,4
193,3,3,2,2,3,3,4,3,5,4,1,4,3,4,4,2,6,3,4,2
194,2,3,3,3,3,2,5,3,5,4,2,4,6,2,5,3,3,4,3,2
195,3,3,1,2,3,2,6,1,3,3,2,3,1,2,3,3,6,4,2,1
196,5,4,5,5,4,5,3,4,4,7,5,6,4,5,6,6,2,5,4,5
197,4,5,5,5,2,5,5,6,5,5,3,3,3,3,2,3,5,4,6,3
198,3,3,4,4,4,2,4,4,3,4,3,3,3,2,5,4,5,2,6,3
199,2,5,3,5,4,2,3,2,4,4,3,4,3,3,5,3,5,4,3,3
200,6,4,6,4,3,4,4,5,3,5,5,4,4,6,5,5,4,4,3,5
201,5,4,4,4,3,5,4,5,4,4,4,4,3,6,5,4,3,4,4,6
202,5,3,2,3,5,4,5,4,3,4,4,5,4,4,4,5,3,3,1,6
203,4,5,5,4,5,4,4,4,4,3,3,5,3,4,5,4,5,3,7,4
204,5,6,4,4,5,5,3,4,4,3,4,5,6,5,4,3,4,5,4,4
205,5,4,3,4,4,5,4,3,7,5,6,3,5,5,4,4,3,5,5,6
206,3,3,2,5,1,3,3,4,4,3,2,4,4,3,2,2,5,3,5,2
207,5,7,4,5,7,6,3,6,5,5,7,6,7,7,2,6,2,6,5,7
208,7,6,5,5,3,6,1,4,3,7,6,5,7,5,4,5,2,5,5,6
209,4,5,3,4,5,5,3,4,5,5,6,4,6,4,5,4,3,5,3,4
210,2,3,4,4,3,4,4,3,4,3,4,4,3,4,4,4,3,3,3,4
211,4,2,3,3,2,4,5,3,6,5,4,4,3,4,5,4,4,3,2,4
212,4,3,5,4,2,3,4,4,5,4,5,6,6,6,5,6,1,6,3,5
213,4,6,7,7,3,6,3,6,5,5,5,6,6,6,6,5,3,5,6,6
214,7,7,5,7,4,7,1,7,6,6,7,7,7,6,6,6,2,6,5,7
215,4,3,5,6,2,4,5,4,4,5,4,4,3,5,4,3,4,6,6,4
216,5,4,4,4,5,6,2,5,3,3,4,4,5,4,5,3,5,5,4,4
217,3,4,4,5,2,4,5,4,4,3,5,3,5,6,4,4,4,5,2,4
218,4,2,2,2,6,5,4,4,6,4,4,5,4,5,3,5,3,3,6,3
219,4,5,5,5,5,5,3,4,2,3,5,6,4,5,3,5,2,6,4,3
220,4,6,3,4,6,5,4,5,4,3,5,4,6,4,5,5,4,6,3,4
221,5,2,3,2,4,3,3,2,3,3,3,3,2,3,4,2,6,2,2,3
222,5,7,5,7,3,7,2,7,5,7,5,5,4,5,4,5,2,6,5,3
223,7,4,4,4,5,5,4,5,5,4,6,5,6,5,3,5,4,6,5,5
224,5,4,5,5,3,4,5,4,5,5,7,5,6,3,5,6,1,5,5,4
225,6,4,4,4,4,5,4,4,3,6,3,5,4,5,5,5,5,4,6,4
226,2,1,4,3,6,2,6,3,3,3,3,3,5,3,3,3,3,4,4,3
227,1,2,1,2,4,2,6,2,5,2,3,4,3,4,3,3,5,4,4,5
228,5,5,4,6,4,6,4,5,5,4,5,5,5,6,4,4,4,5,6,6
229,4,2,4,3,4,5,4,5,2,3,2,4,4,3,4,4,6,3,3,4
230,2,3,3,1,4,4,6,2,3,2,3,4,3,4,2,2,4,2,2,5
231,5,5,3,5,5,5,3,3,4,6,5,5,4,5,5,5,3,5,2,7
232,3,4,5,3,6,3,4,4,6,2,4,3,3,2,2,4,4,4,5,2
233,4,4,3,6,6,4,4,4,4,5,3,6,5,6,3,5,3,6,5,4
234,6,6,5,5,5,7,1,7,2,4,5,7,7,6,3,6,1,6,5,5
235,3,4,4,2,4,3,4,5,4,2,2,5,5,5,1,2,5,3,4,5
236,3,3,5,3,6,5,5,4,2,4,4,4,4,3,6,4,4,3,6,4
237,4,3,3,3,4,5,5,3,3,4,4,3,6,4,5,3,3,4,4,5
238,3,4,3,3,4,5,4,5,3,4,4,4,4,4,6,4,3,3,3,4
239,4,3,5,4,5,4,3,3,6,3,3,6,4,4,4,5,4,3,4,5
240,5,6,5,6,3,2,3,5,6,5,5,6,4,4,5,6,3,5,5,5
241,3,4,2,4,3,3,4,3,4,3,4,1,5,3,3,4,5,3,2,4
242,4,4,6,3,4,3,4,4,4,2,3,4,4,4,6,5,4,4,2,3
243,5,5,4,5,6,6,5,5,3,6,5,7,5,4,5,6,4,6,5,5
244,2,4,4,3,2,2,5,2,5,4,3,4,3,4,4,3,4,3,2,5
245,3,1,2,2,3,1,6,1,6,4,1,2,4,3,3,1,7,3,3,2
246,6,3,2,5,4,5,2,4,5,5,3,5,5,5,3,5,3,5,4,5
247,5,3,6,4,2,3,4,4,4,3,3,4,4,3,3,4,3,4,2,3
248,3,3,4,5,3,1,3,3,5,5,4,4,5,3,3,4,4,4,4,2
249,5,4,5,4,2,5,5,5,4,5,5,4,4,5,6,5,3,6,3,5
250,4,1,3,3,3,2,5,3,5,2,4,2,2,1,4,3,6,3,3,4
