,V1,V2,V3,V4,V5,V6,V7,V8,V9,V10,V11,V12
1,4,5,3,5,5,4,3,4,4,3,3,5
2,5,4,4,5,4,4,3,2,4,4,4,4
3,3,2,3,5,4,2,1,1,2,3,2,1
4,3,3,2,5,4,3,5,1,1,3,4,3
5,5,4,3,4,5,5,2,3,4,3,3,4
6,4,5,2,4,3,3,2,2,4,2,2,5
7,4,5,2,4,5,5,3,4,4,2,3,3
8,2,2,1,4,2,3,4,1,1,3,2,3
9,1,1,5,3,2,2,1,1,1,2,3,1
10,3,3,2,3,5,4,3,3,2,2,3,2
11,3,3,4,5,3,3,5,1,2,4,3,1
12,4,5,2,3,4,2,3,4,4,2,3,3
13,4,4,2,5,5,4,2,4,4,4,2,3
14,2,1,3,3,4,1,3,2,1,3,1,1
15,4,5,5,5,5,4,3,3,4,3,4,3
16,3,4,4,5,5,4,4,3,3,3,5,5
17,5,4,3,4,5,4,3,3,4,4,3,5
18,3,4,4,5,4,3,4,2,3,5,5,5
19,5,5,2,4,5,4,3,3,3,1,3,5
20,4,2,5,5,5,5,3,4,4,3,5,4
21,5,4,5,5,4,4,4,3,4,4,4,4
22,4,5,4,5,4,5,4,4,4,3,5,2
23,3,5,4,4,4,5,4,3,3,3,3,5
24,4,3,3,4,5,3,4,2,4,2,3,2
25,5,5,5,5,5,5,5,4,4,4,4,3
26,2,2,3,5,5,2,3,4,3,2,4,5
27,2,2,1,3,4,2,1,1,1,1,1,2
28,5,5,4,5,5,5,3,3,5,5,4,3
29,5,4,4,5,5,3,5,2,2,4,4,3
30,1,3,1,1,5,3,1,3,1,1,2,2
31,5,2,4,5,5,2,4,3,2,4,4,3
32,5,5,5,5,5,5,5,4,3,4,5,4
33,2,3,4,5,1,2,1,1,3,3,2,3
34,3,3,1,4,3,3,2,2,2,1,2,2
35,5,4,5,5,5,5,5,4,5,4,4,4
36,4,4,3,3,4,4,3,3,2,2,1,4
37,5,4,4,5,5,4,4,3,5,5,4,4
38,3,3,4,5,5,3,4,4,3,3,4,3
39,4,4,2,3,4,4,2,3,2,2,3,4
40,4,5,5,5,5,5,5,4,4,4,4,5
41,4,4,4,5,5,5,5,4,3,4,5,4
42,3,3,3,5,4,4,4,2,3,3,2,5
43,4,5,3,5,5,2,3,3,3,5,3,4
44,3,5,4,5,3,3,2,3,4,2,3,3
45,5,3,4,5,5,3,4,5,5,4,2,5
46,1,2,1,4,4,2,2,2,1,2,3,4
47,3,4,5,4,4,4,4,3,3,4,3,1
48,4,4,1,4,5,5,3,2,3,3,2,1
49,4,4,5,4,5,4,4,3,2,3,5,4
50,3,2,1,5,3,3,1,2,3,4,2,1
51,5,4,3,5,5,3,5,4,3,3,3,4
52,3,2,4,5,5,5,4,4,4,2,5,5
53,5,4,2,2,3,3,3,2,2,2,1,3
54,4,4,3,5,5,5,5,2,3,4,3,3
55,5,3,4,5,4,5,4,2,3,4,4,5
56,5,5,3,5,5,4,4,3,2,5,3,4
57,3,4,3,5,5,5,4,4,4,4,4,3
58,3,4,2,5,4,4,2,4,3,2,4,4
59,2,3,2,5,5,4,2,5,5,2,3,3
60,5,5,4,5,5,4,3,4,4,4,3,5
61,4,4,2,5,5,5,4,5,4,1,4,3
62,4,4,5,5,5,5,5,4,4,3,4,5
63,2,4,3,4,3,2,3,1,3,2,4,3
64,2,2,4,2,4,2,2,2,1,1,1,1
65,3,4,3,5,4,3,5,2,2,2,2,4
66,2,4,1,5,4,4,3,2,2,2,3,2
67,3,1,4,5,5,3,3,2,1,3,3,4
68,5,5,5,4,4,5,3,2,3,3,2,4
69,4,5,2,5,5,4,3,4,3,3,3,4
70,2,4,5,5,4,3,3,2,3,3,4,3
71,2,2,2,3,3,2,3,1,1,1,1,3
72,5,4,3,4,5,4,2,2,2,3,3,2
73,5,4,1,3,4,3,2,2,3,3,2,2
74,3,4,4,5,5,3,2,4,3,3,3,4
75,4,4,3,5,4,2,4,2,2,4,3,5
76,5,5,3,4,4,3,3,4,3,1,4,3
77,1,1,2,4,3,2,1,1,1,1,2,5
78,5,5,4,4,4,4,3,5,5,2,3,3
79,5,5,3,5,5,5,4,4,5,4,3,4
80,3,3,2,3,5,3,3,3,1,2,3,5
81,4,4,4,5,5,4,5,2,4,3,4,3
82,3,4,1,5,4,3,2,3,3,2,2,3
83,2,5,4,5,5,4,2,3,3,3,2,4
84,5,3,5,5,5,3,3,4,5,4,4,3
85,2,5,2,5,4,4,4,3,2,3,3,3
86,5,5,4,4,5,5,3,4,5,2,3,5
87,4,5,3,5,5,4,4,4,5,4,3,5
88,3,3,5,5,3,4,4,1,4,3,5,3
89,5,3,2,4,4,4,2,3,4,2,1,5
90,1,4,2,5,4,2,4,2,1,2,5,3
91,5,5,3,4,5,3,2,2,3,3,4,2
92,5,5,5,5,5,5,4,4,3,3,3,5
93,3,3,3,5,3,3,3,2,2,3,3,3
94,3,2,3,5,2,3,3,1,2,2,1,3
95,2,5,2,4,2,3,4,2,3,3,2,4
96,5,3,4,4,5,3,3,3,3,3,3,3
97,4,5,5,5,5,4,5,2,4,5,4,2
98,4,3,4,5,4,3,5,4,3,2,3,4
99,3,3,3,4,2,3,3,1,2,4,3,2
100,4,3,4,5,4,5,5,3,2,3,5,4
101,4,2,4,4,5,2,4,5,4,3,3,3
102,1,2,3,2,3,2,2,2,1,1,3,4
103,2,2,3,5,3,3,2,3,3,3,2,5
104,2,4,1,2,2,1,1,2,1,1,1,4
105,4,3,2,4,4,3,2,2,1,4,5,3
106,3,4,3,5,4,2,2,3,3,3,4,4
107,5,5,3,3,5,4,2,4,4,2,1,3
108,3,4,5,5,5,3,4,4,4,4,5,3
109,4,4,5,5,5,5,4,4,4,4,4,3
110,5,5,5,5,5,4,5,3,3,5,3,3
111,4,4,2,3,5,4,2,3,5,1,1,5
112,3,4,5,5,3,2,5,2,2,4,2,5
113,4,5,3,5,4,4,4,3,4,4,5,4
114,2,3,3,4,4,5,1,3,2,2,2,3
115,5,5,5,4,5,5,4,3,3,4,4,4
116,5,5,3,5,5,4,4,4,4,2,3,3
117,4,5,4,5,4,5,5,4,2,3,5,5
118,5,4,4,5,5,4,3,3,4,2,3,4
119,2,4,5,4,4,4,3,4,5,2,3,2
120,3,5,4,5,4,4,5,2,3,3,4,5
121,2,3,4,5,2,1,3,1,3,3,1,3
122,2,3,1,4,2,2,2,3,2,1,2,4
123,3,2,5,2,4,5,3,4,3,3,4,1
124,5,3,5,5,5,4,3,5,4,5,5,5
125,4,4,5,5,5,3,4,5,4,4,4,3
126,4,3,3,5,4,3,3,1,2,4,1,4
127,2,4,3,5,3,3,4,2,2,4,4,3
128,4,4,3,5,5,4,2,3,4,4,3,4
129,2,3,3,4,3,1,4,1,2,3,2,3
130,5,4,5,5,5,4,5,3,4,5,5,2
131,5,5,5,5,5,5,4,5,5,5,5,5
132,4,3,2,2,5,4,1,3,3,2,1,5
133,2,2,3,5,2,3,3,2,1,3,2,2
134,2,1,2,4,4,3,1,1,1,2,2,2
135,1,2,3,5,2,3,2,1,1,2,3,4
136,5,4,4,5,5,5,4,3,3,3,3,4
137,4,4,4,5,4,3,5,3,3,3,4,3
138,4,3,4,5,4,4,3,2,2,4,3,4
139,5,5,5,5,5,5,3,5,4,5,5,3
140,2,3,3,4,4,2,3,2,1,3,2,2
141,5,4,5,5,5,5,5,3,5,5,5,4
142,5,5,4,5,5,5,5,5,5,5,4,5
143,5,5,2,4,5,5,2,3,3,2,3,5
144,1,4,2,3,4,3,2,2,2,2,1,4
145,4,3,5,5,3,4,5,3,3,5,5,4
146,3,4,4,5,3,3,3,3,2,4,5,3
147,5,4,3,4,5,5,4,4,3,3,1,3
148,5,5,3,4,5,5,2,3,5,4,3,4
149,3,4,3,5,4,3,3,3,1,4,5,5
150,3,4,2,4,5,3,3,4,3,2,3,4
151,4,4,2,5,5,4,5,4,2,2,3,3
152,3,5,2,4,5,5,4,4,2,3,2,4
153,4,5,4,4,5,4,2,5,3,2,3,5
154,4,3,5,5,5,3,4,3,3,5,5,3
155,3,5,4,5,4,5,3,3,4,3,5,1
156,4,4,3,5,5,4,5,2,4,5,4,5
157,5,4,4,4,4,3,3,4,3,3,3,3
158,3,2,4,5,4,2,3,4,2,3,5,3
159,5,5,5,5,5,5,4,4,5,4,3,2
160,5,5,4,5,5,5,5,4,5,5,4,4
161,4,2,3,5,5,5,4,2,4,2,2,3
162,5,5,3,5,5,5,4,4,2,3,4,4
163,2,3,2,5,4,3,5,3,3,4,5,4
164,3,3,3,5,5,3,2,2,3,4,2,2
165,5,4,4,3,4,4,3,4,3,1,5,3
166,4,4,3,4,5,4,2,3,4,2,3,4
167,3,3,2,4,4,4,3,3,2,2,3,5
168,5,4,3,5,4,4,4,4,3,3,5,3
169,3,4,4,4,5,5,4,3,2,2,5,5
170,5,5,3,5,4,4,5,2,4,3,3,4
171,2,5,5,5,3,3,2,2,2,3,3,2
172,4,2,1,4,4,3,1,2,2,2,2,1
173,3,2,1,4,2,2,3,1,2,1,3,3
174,5,5,2,3,5,3,1,3,3,2,1,3
175,3,3,2,5,3,4,2,3,2,2,4,3
176,4,5,2,5,4,3,4,1,4,3,2,3
177,5,3,3,4,5,3,2,5,2,2,3,5
178,5,5,5,5,5,5,5,3,5,4,5,3
179,2,3,3,5,4,3,3,3,5,3,2,3
180,5,3,5,5,5,3,4,3,4,4,5,4
181,2,3,3,4,4,4,2,3,3,3,3,4
182,3,3,3,5,3,2,1,1,1,3,3,3
183,4,4,3,4,4,4,3,3,2,2,2,5
184,4,4,5,5,5,4,4,2,3,4,5,3
185,5,3,3,5,5,5,5,5,3,3,3,4
186,4,3,3,5,5,4,3,2,1,3,3,4
187,5,5,3,5,5,5,4,4,5,5,4,3
188,5,5,3,5,5,5,3,3,4,3,3,5
189,4,4,5,5,5,3,4,3,3,4,3,5
190,3,3,2,4,1,3,3,1,1,4,1,2
191,4,4,2,2,4,5,2,3,3,1,3,5
192,3,5,3,4,3,3,3,1,3,3,2,3
193,3,5,5,5,5,5,4,4,3,5,5,5
194,3,1,3,5,4,3,3,2,2,2,3,3
195,5,5,4,5,4,4,3,4,3,4,4,4
196,5,5,5,5,5,4,4,3,4,3,2,3
197,4,3,5,5,5,3,5,5,4,5,4,4
198,2,3,4,3,3,3,2,1,2,2,2,2
199,1,3,3,5,3,3,3,1,1,4,2,2
200,4,4,3,5,4,3,4,1,2,5,5,5
201,3,3,5,5,5,3,5,4,2,3,4,2
202,4,5,4,5,5,5,4,4,3,3,3,3
203,5,5,5,5,5,5,5,3,3,4,4,4
204,2,4,4,4,5,4,2,4,4,3,3,2
205,4,2,2,4,4,3,2,3,1,2,2,3
206,5,2,3,3,2,2,3,1,1,3,2,2
207,4,4,3,4,5,3,2,3,2,2,4,3
208,3,3,5,5,3,2,4,2,3,4,4,3
209,5,5,5,5,4,4,4,4,3,3,4,5
210,3,4,3,5,5,4,5,3,2,3,4,4
211,4,5,4,5,5,5,5,4,5,5,5,2
212,5,4,3,5,4,4,5,2,3,3,4,4
213,4,2,3,4,5,3,3,3,3,2,3,3
214,3,5,4,5,5,5,3,4,4,2,4,5
215,5,4,2,4,5,3,1,3,4,3,2,3
216,3,3,5,5,5,3,5,3,2,5,3,5
217,3,5,3,5,4,2,4,2,3,5,4,5
218,4,5,4,5,5,5,3,5,4,3,3,5
219,2,4,4,5,5,4,3,3,3,3,3,4
220,5,4,4,5,5,5,4,3,4,5,5,4
221,3,3,5,5,4,4,5,3,3,5,4,1
222,2,2,2,5,5,3,5,3,2,3,5,4
223,5,5,2,3,5,4,2,2,3,1,2,3
224,3,3,4,3,4,3,3,2,3,3,1,4
225,3,4,2,5,5,4,3,3,4,3,4,2
226,4,4,5,5,5,3,2,4,3,3,5,4
227,4,4,5,4,4,4,4,4,4,2,3,4
228,4,5,3,5,5,3,4,3,4,2,4,2
229,4,4,4,5,3,4,4,2,3,3,2,3
230,5,5,5,5,5,5,5,5,4,4,5,4
231,2,4,1,3,3,2,1,1,3,1,2,4
232,5,4,4,5,5,5,5,3,4,3,4,3
233,3,2,3,5,4,2,4,2,2,3,4,3
234,4,4,3,5,5,5,4,4,2,4,4,2
235,5,5,3,5,3,4,2,2,4,4,4,4
236,3,3,5,5,5,4,4,3,3,4,5,5
237,3,5,5,5,5,5,5,3,4,5,5,5
238,3,5,5,5,5,1,2,3,3,5,3,2
239,3,3,4,4,5,3,3,3,1,2,3,3
240,5,4,5,5,5,5,4,5,3,4,4,5
241,2,2,1,2,4,3,1,3,2,1,2,2
242,4,4,5,5,5,3,4,3,3,4,4,3
243,5,4,3,5,5,4,3,2,4,3,4,4
244,5,5,5,5,5,5,4,3,3,4,4,3
245,3,4,4,5,3,2,4,2,3,4,5,4
246,5,4,4,4,4,3,3,3,4,2,3,5
247,3,4,5,5,4,3,2,4,4,3,4,4
248,4,3,3,5,3,3,4,1,3,3,4,5
249,4,4,3,4,5,3,4,3,4,2,3,4
250,4,3,5,4,5,5,3,1,2,3,3,3
